INSERT INTO `categories` (`id`, `name`, `created_at`, `updated_at`) VALUES
(1, 'Papel y etiquetas', '2023-03-01 05:26:31', '2023-03-01 05:26:31'),
(2, 'Informatica', '2023-03-01 05:31:26', '2023-03-01 05:31:26'),
(3, 'Escritura y correccion', '2023-03-01 05:31:38', '2023-03-01 05:31:38'),
(4, 'Articulos generales de oficina', '2023-03-01 05:31:46', '2023-03-01 05:31:46');

INSERT INTO `brands` (`id`, `name`, `created_at`, `updated_at`) VALUES
(1, 'Canson', '2023-03-01 05:32:23', '2023-03-01 05:32:23'),
(2, 'Adagio', '2023-03-01 05:32:36', '2023-03-01 05:32:36'),
(3, 'Navigator', '2023-03-01 05:32:46', '2023-03-01 05:32:46'),
(4, 'Canon', '2023-03-01 05:32:55', '2023-03-01 05:32:55'),
(5, 'HP', '2023-03-01 05:33:03', '2023-03-01 05:33:03'),
(6, 'Epson', '2023-03-01 05:33:13', '2023-03-01 05:33:13'),
(7, 'Staedtler', '2023-03-01 05:33:22', '2023-03-01 05:33:22'),
(8, 'Pilot', '2023-03-01 05:33:29', '2023-03-01 05:33:29'),
(9, 'Milan', '2023-03-01 05:33:36', '2023-03-01 05:33:36'),
(10, 'Bic', '2023-03-01 05:33:43', '2023-03-01 05:33:43'),
(11, 'Petrus', '2023-03-01 05:33:49', '2023-03-01 05:33:49'),
(12, 'Pritt', '2023-03-01 05:33:58', '2023-03-01 05:33:58');

INSERT INTO `products` (`id`, `name_product`, `sell_price`, `content`, `category_id`, `brand_id`, `stock`, `image_product`, `created_at`, `updated_at`) VALUES
(1, 'CARTOLINA COLOR. -DIN A 4', '0.00', 'null', 1, 1, 1000, 'images/featureds/CartolinaColor.gif', '2023-03-01 05:26:31', '2023-03-02 05:26:31'),
(2, 'CARTOLINA COLOR -DIN A-3', '0.00', 'null', 1, 1, 1000, 'images/featureds/CartolinaColor.gif', '2023-03-02 05:26:31', '2023-03-03 05:26:31'),
(3, 'CARTOLINA CANSON BLANC -DIN A 4', '0.00', 'null', 1, 1, 1000, 'images/featureds/CartolinaBlancaDinA4.gif', '2023-03-03 05:26:31', '2023-03-04 05:26:31'),
(4, 'CARTOLINA CANSON BLANC -DIN A 3', '0.00', 'null', 1, 1, 1000, 'images/featureds/CartolinaBlancaDinA4.gif', '2023-03-04 05:26:31', '2023-03-05 05:26:31'),
(5, 'PAPER DIN A-4- GRIS -PAQUET 500-', '11.90', 'null', 1, 2, 1000, 'images/featureds/PaperGris.gif', '2023-03-05 05:26:31', '2023-03-06 05:26:31'),
(6, 'PAPER DIN A-4- GROC -PAQUET 500-', '11.90', 'null', 1, 2, 1000, 'images/featureds/PaperGroc.gif', '2023-03-06 05:26:31', '2023-03-07 05:26:31'),
(7, 'PAPER DIN A-4- PISTATXO -PAQUET 500-', '11.90', 'null', 1, 2, 1000, 'images/featureds/PaperPistatxo.gif', '2023-03-07 05:26:31', '2023-03-08 05:26:31'),
(8, 'PAPER DIN A-4- VERD -PAQUET 500-', '11.90', 'null', 1, 2, 1000, 'images/featureds/PaperVerd.gif', '2023-03-08 05:26:31', '2023-03-09 05:26:31'),
(9, 'PAPER DIN A-4- BLAU -PAQUET 500-', '11.90', 'null', 1, 2, 1000, 'images/featureds/PaperBlau.gif', '2023-03-09 05:26:31', '2023-03-10 05:26:31'),
(10, 'PAPER DIN A-4- TARONJA -PAQUET 500-', '11.90', 'null', 1, 2, 1000, 'images/featureds/PaperTaronja.gif', '2023-03-10 05:26:31', '2023-03-11 05:26:31'),
(11, 'PAPER DIN A-4- VERMELL -PAQUET 500-', '11.90', 'null', 1, 2, 1000, 'images/featureds/PaperVermell.gif', '2023-03-11 05:26:31', '2023-03-12 05:26:31'),
(12, 'PAPER DIN A-4- BLANC -PAQUET 500-', '11.90', 'null', 1, 3, 1000, 'images/featureds/PaperBlanc.gif', '2023-03-12 05:26:31', '2023-03-13 05:26:31'),
(13, 'CARTUTX GROC', '9.92', 'null', 2, 4, 1000, 'images/featureds/CartutxGrocCanon.gif', '2023-03-13 05:26:31', '2023-03-14 05:26:31'),
(14, 'CARTUTX MAGENTA', '9.93', 'null', 2, 4, 1000, 'images/featureds/CartutxMagentaCanon.gif', '2023-03-14 05:26:31', '2023-03-15 05:26:31'),
(15, 'CARTUTX CYAN', '9.94', 'null', 2, 4, 1000, 'images/featureds/CartutxCyanCanon.gif', '2023-03-15 05:26:31', '2023-03-16 05:26:31'),
(16, 'CARTUTX NEGRA', '12.25', 'null', 2, 4, 1000, 'images/featureds/CartutxNegraCanon.gif', '2023-03-16 05:26:31', '2023-03-17 05:26:31'),
(17, 'CARTUTX GROC', '9.92', 'null', 2, 5, 1000, 'images/featureds/CartutxColorHP.gif', '2023-03-17 05:26:31', '2023-03-18 05:26:31'),
(18, 'CARTUTX MAGENTA', '9.93', 'null', 2, 5, 1000, 'images/featureds/CartutxColorHP.gif', '2023-03-18 05:26:31', '2023-03-19 05:26:31'),
(19, 'CARTUTX CYAN', '9.94', 'null', 2, 5, 1000, 'images/featureds/CartutxColorHP.gif', '2023-03-19 05:26:31', '2023-03-20 05:26:31'),
(20, 'CARTUTX NEGRA', '12.25', 'null', 2, 5, 1000, 'images/featureds/CartutxNegraHP.gif', '2023-03-20 05:26:31', '2023-03-21 05:26:31'),
(21, 'CARTUTX GROC', '9.92', 'null', 2, 6, 1000, 'images/featureds/CartutxEpson.gif', '2023-03-21 05:26:31', '2023-03-22 05:26:31'),
(22, 'CARTUTX MAGENTA', '9.93', 'null', 2, 6, 1000, 'images/featureds/CartutxEpson.gif', '2023-03-22 05:26:31', '2023-03-23 05:26:31'),
(23, 'CARTUTX CYAN', '9.94', 'null', 2, 6, 1000, 'images/featureds/CartutxEpson.gif', '2023-03-23 05:26:31', '2023-03-24 05:26:31'),
(24, 'CARTUTX NEGRA', '12.25', 'null', 2, 6, 1000, 'images/featureds/CartutxEpson.gif', '2023-03-24 05:26:31', '2023-03-25 05:26:31'),
(25, 'AFILALLAPIS MAQUINA', '39.00', 'null', 3, 7, 100, 'images/featureds/Afiladora.gif', '2023-03-25 05:26:31', '2023-03-26 04:26:31'),
(26, 'BOLIGRAF PILOT GEL BLAU', '1.00', 'null', 3, 8, 1000, 'images/featureds/BoliPilotBlau.gif', '2023-03-26 04:26:31', '2023-03-27 04:26:31'),
(27, 'BOLIGRAF PILOT GEL VERMELL', '1.00', 'null', 3, 8, 1000, 'images/featureds/BoliPilotVermell.gif', '2023-03-27 04:26:31', '2023-03-28 04:26:31'),
(28, 'BOLIGRAF PILOT GEL NEGRA', '1.00', 'null', 3, 8, 1000, 'images/featureds/BoliPilotNegra.gif', '2023-03-28 04:26:31', '2023-03-29 04:26:31'),
(29, 'BOLIGRAF PILOT GEL VERD', '1.00', 'null', 3, 8, 1000, 'images/featureds/BoliPilotVerde.gif', '2023-03-29 04:26:31', '2023-03-30 04:26:31'),
(30, 'BOLIGRAF MILAN GEL BLAU', '0.00', 'null', 3, 9, 1000, 'images/featureds/BoliMilanBlau.gif', '2023-03-30 04:26:31', '2023-03-31 04:26:31'),
(31, 'BOLIGRAF MILAN GEL VERMELL', '0.00', 'null', 3, 9, 1000, 'images/featureds/BoliMilanVermell.gif', '2023-03-31 04:26:31', '2023-04-01 04:26:31'),
(32, 'BOLIGRAF MILAN GEL NEGRA', '0.00', 'null', 3, 9, 1000, 'images/featureds/BoliMilanNegra.gif', '2023-04-01 04:26:31', '2023-04-02 04:26:31'),
(33, 'BOLIGRAF MILAN GEL VERD', '0.00', 'null', 3, 9, 1000, 'images/featureds/BoliMilanVerd.gif', '2023-04-02 04:26:31', '2023-04-03 04:26:31'),
(34, 'BOLIGRAF BIC 4 COLORS', '2.00', 'null', 3, 10, 1000, 'images/featureds/Boli4Colors.gif', '2023-04-03 04:26:31', '2023-04-04 04:26:31'),
(35, 'BOLIGRAF BIC GEL BLAU', '0.00', 'null', 3, 10, 1000, 'images/featureds/BoliBicBlau.gif', '2023-04-04 04:26:31', '2023-04-05 04:26:31'),
(36, 'BOLIGRAF BIC GEL VERMELL', '0.00', 'null', 3, 10, 1000, 'images/featureds/BoliBicVermell.gif', '2023-04-05 04:26:31', '2023-04-06 04:26:31'),
(37, 'BOLIGRAF BIC GEL NEGRA', '0.00', 'null', 3, 10, 1000, 'images/featureds/BoliBicNegra.gif', '2023-04-06 04:26:31', '2023-04-07 04:26:31'),
(38, 'BOLIGRAF BIC GEL VERD', '0.00', 'null', 3, 10, 1000, 'images/featureds/BoliBicVerde.gif', '2023-04-07 04:26:31', '2023-04-08 04:26:31'),
(39, 'TALADRE PETRUS', '18.00', 'null', 4, 11, 1000, 'images/featureds/TaladrePetrus.gif', '2023-04-08 04:26:31', '2023-04-09 04:26:31'),
(40, 'TALADRE PETRUS', '12.00', 'null', 4, 11, 1000, 'images/featureds/TaladrePetrus2.gif', '2023-04-09 04:26:31', '2023-04-10 04:26:31'),
(41, 'TALADRE PETRUS', '43.00', 'null', 4, 11, 1000, 'images/featureds/TaladrePetrus3.gif', '2023-04-10 04:26:31', '2023-04-11 04:26:31'),
(42, 'TALADRE PETRUS', '4.00', 'null', 4, 11, 1000, 'images/featureds/TaladrePetrus4.gif', '2023-04-11 04:26:31', '2023-04-12 04:26:31'),
(43, 'DESGRAPADOR PETRUS', '4.00', 'null', 4, 11, 1000, 'images/featureds/Desgrapador.gif', '2023-04-12 04:26:31', '2023-04-13 04:26:31'),
(44, 'COLA PRITT BARRA PETITA', '1.00', 'null', 4, 12, 1000, 'images/featureds/ColaPet.gif', '2023-04-13 04:26:31', '2023-04-14 04:26:31'),
(45, 'COLA PRITT BARRA MITJANA', '1.00', 'null', 4, 12, 1000, 'images/featureds/ColaMitj.gif', '2023-04-14 04:26:31', '2023-04-15 04:26:31'),
(46, 'COLA PRITT BARRA GRAN', '2.00', 'null', 4, 12, 1000, 'images/featureds/ColaGran.gif', '2023-04-15 04:26:31', '2023-04-16 04:26:31');
