INSERT INTO `categories` (`id`, `name`, `created_at`, `updated_at`) VALUES
(1, 'Papel y etiquetas', '2023-03-01 05:26:31', '2023-03-01 05:26:31'),
(2, 'Informatica', '2023-03-01 05:31:26', '2023-03-01 05:31:26'),
(3, 'Escritura y correccion', '2023-03-01 05:31:38', '2023-03-01 05:31:38'),
(4, 'Articulos generales de oficina', '2023-03-01 05:31:46', '2023-03-01 05:31:46');

INSERT INTO `brands` (`id`, `name`, `created_at`, `updated_at`) VALUES
(1, 'Canson', '2023-03-01 05:32:23', '2023-03-01 05:32:23'),
(2, 'Adagio', '2023-03-01 05:32:36', '2023-03-01 05:32:36'),
(3, 'Navigator', '2023-03-01 05:32:46', '2023-03-01 05:32:46'),
(4, 'Canon', '2023-03-01 05:32:55', '2023-03-01 05:32:55'),
(5, 'HP', '2023-03-01 05:33:03', '2023-03-01 05:33:03'),
(6, 'Epson', '2023-03-01 05:33:13', '2023-03-01 05:33:13'),
(7, 'Staedtler', '2023-03-01 05:33:22', '2023-03-01 05:33:22'),
(8, 'Pilot', '2023-03-01 05:33:29', '2023-03-01 05:33:29'),
(9, 'Milan', '2023-03-01 05:33:36', '2023-03-01 05:33:36'),
(10, 'Bic', '2023-03-01 05:33:43', '2023-03-01 05:33:43'),
(11, 'Petrus', '2023-03-01 05:33:49', '2023-03-01 05:33:49'),
(12, 'Pritt', '2023-03-01 05:33:58', '2023-03-01 05:33:58');

INSERT INTO `products` (`id`, `name_product`, `sell_price`, `content`, `category_id`, `brand_id`, `stock`, `quantity`, `image_product`, `created_at`, `updated_at`) VALUES
(1, 'CARTOLINA COLOR. -DIN A 4', '0.80', 'Nuestra cartolina a color DinA4 es perfecta para proyectos escolares, presentaciones y manualidades. Con una amplia gama de colores vibrantes disponibles, puede elegir la que mejor se adapte a sus necesidades. Además, nuestro papel es de alta calidad y resistente al desgaste, lo que garantiza que sus proyectos se vean bien durante mucho tiempo.', 1, 1, 1000,0, 'images/featureds/CartolinaColor.gif', '2023-03-01 05:26:31', '2023-03-02 05:26:31'),
(2, 'CARTOLINA COLOR -DIN A-3', '0.80', 'Si está buscando una cartolina más grande, nuestra cartolina a color DinA3 es la opción perfecta. Con una superficie lisa y una amplia variedad de colores disponibles, esta cartolina es ideal para carteles, presentaciones y proyectos escolares. Además, nuestro papel es resistente y duradero, lo que garantiza que sus proyectos se vean geniales durante mucho tiempo.', 1, 1, 1000,0, 'images/featureds/CartolinaColor.gif', '2023-03-02 05:26:31', '2023-03-03 05:26:31'),
(3, 'CARTOLINA CANSON BLANC -DIN A 4', '0.80', 'La cartolina CANSON blanc DinA4 es una excelente opción para trabajos de dibujo, ilustración y acuarela. Este papel de alta calidad tiene una textura suave y una excelente capacidad de absorción de agua, lo que lo hace perfecto para técnicas de acuarela. Además, su blancura y brillo garantizan que sus trabajos tengan una apariencia profesional.', 1, 1, 1000,0, 'images/featureds/CartolinaBlancaDinA4.gif', '2023-03-03 05:26:31', '2023-03-04 05:26:31'),
(4, 'CARTOLINA CANSON BLANC -DIN A 3', '0.80', 'Si necesita una cartolina más grande para sus proyectos de arte y diseño, nuestra cartolina CANSON blanc DinA3 es la opción perfecta. Con la misma calidad que nuestra cartolina DinA4, este papel más grande le proporcionará más espacio para su creatividad. La textura suave y la excelente capacidad de absorción de agua hacen que este papel sea perfecto para técnicas de acuarela.', 1, 1, 1000,0, 'images/featureds/CartolinaBlancaDinA4.gif', '2023-03-04 05:26:31', '2023-03-05 05:26:31'),
(5, 'PAPER DIN A-4- GRIS -PAQUET 500-', '11.90', 'Si está buscando un papel de alta calidad en un color diferente, nuestro papel DIN A-4 Gris es la opción perfecta. Con una superficie lisa y una textura suave, este papel es ideal para proyectos de diseño gráfico y arte. Además, el paquete de 500 hojas le proporcionará suficiente papel para sus proyectos más grandes.', 1, 2, 1000,0, 'images/featureds/PaperGris.gif', '2023-03-05 05:26:31', '2023-03-06 05:26:31'),
(6, 'PAPER DIN A-4- GROC -PAQUET 500-', '11.90', 'Si necesita un papel de alta calidad en un color vibrante, nuestro papel DIN A-4 Groc es la opción perfecta. Con una superficie lisa y una textura suave, este papel es ideal para proyectos de diseño gráfico y arte. Además, el paquete de 500 hojas le proporcionará suficiente papel para sus proyectos más grandes.', 1, 2, 1000,0, 'images/featureds/PaperGroc.gif', '2023-03-06 05:26:31', '2023-03-07 05:26:31'),
(7, 'PAPER DIN A-4- PISTATXO -PAQUET 500-', '11.90', 'Este es un paquete de 500 hojas de papel de tamaño DIN A-4 en un vibrante color pistacho. Es perfecto para imprimir todo tipo de documentos y proyectos, y su tamaño estándar lo hace compatible con la mayoría de las impresoras y fotocopiadoras.', 1, 2, 1000,0, 'images/featureds/PaperPistatxo.gif', '2023-03-07 05:26:31', '2023-03-08 05:26:31'),
(8, 'PAPER DIN A-4- VERD -PAQUET 500-', '11.90', 'Este paquete contiene 500 hojas de papel de tamaño DIN A-4 en un hermoso color verde. Es ideal para imprimir trabajos escolares, documentos de oficina o proyectos de arte y manualidades.', 1, 2, 1000,0, 'images/featureds/PaperVerd.gif', '2023-03-08 05:26:31', '2023-03-09 05:26:31'),
(9, 'PAPER DIN A-4- BLAU -PAQUET 500-', '11.90', 'Este paquete incluye 500 hojas de papel de tamaño DIN A-4 en un color azul fresco y atractivo. Es perfecto para imprimir todo tipo de documentos y proyectos, y su tamaño estándar lo hace compatible con la mayoría de las impresoras y fotocopiadoras.', 1, 2, 1000,0, 'images/featureds/PaperBlau.gif', '2023-03-09 05:26:31', '2023-03-10 05:26:31'),
(10, 'PAPER DIN A-4- TARONJA -PAQUET 500-', '11.90', 'PAPER DIN A-4- TARONJA -PAQUET 500-: Si necesitas dar un toque de color a tus proyectos, este paquete de 500 hojas de papel de tamaño DIN A-4 en un vibrante color naranja puede ser lo que buscas. Es ideal para imprimir todo tipo de documentos, desde hojas de trabajo hasta presentaciones.', 1, 2, 1000,0, 'images/featureds/PaperTaronja.gif', '2023-03-10 05:26:31', '2023-03-11 05:26:31'),
(11, 'PAPER DIN A-4- VERMELL -PAQUET 500-', '11.90', 'Este paquete contiene 500 hojas de papel de tamaño DIN A-4 en un llamativo color rojo. Es perfecto para imprimir trabajos escolares, documentos de oficina o proyectos de arte y manualidades.', 1, 2, 1000,0, 'images/featureds/PaperVermell.gif', '2023-03-11 05:26:31', '2023-03-12 05:26:31'),
(12, 'PAPER DIN A-4- BLANC -PAQUET 500-', '11.90', 'Si lo que buscas es un papel de alta calidad y versatilidad, este paquete de 500 hojas de papel de tamaño DIN A-4 en color blanco es ideal. Puedes imprimir en él todo tipo de documentos y proyectos, desde trabajos escolares hasta presentaciones y documentos de oficina.', 1, 3, 1000,0, 'images/featureds/PaperBlanc.gif', '2023-03-12 05:26:31', '2023-03-13 05:26:31'),
(13, 'CARTUTX GROC', '9.92', 'Esta es una cartucho de tinta de color amarillo para impresoras. Es compatible con una amplia variedad de modelos de impresoras, y su alta calidad de tinta asegura que tus impresiones sean vibrantes y nítidas.', 2, 4, 1000,0, 'images/featureds/CartutxGrocCanon.gif', '2023-03-13 05:26:31', '2023-03-14 05:26:31'),
(14, 'CARTUTX MAGENTA', '9.93', 'Este cartucho de tinta de color magenta es perfecto para imprimir fotos, imágenes y gráficos. Es compatible con muchos modelos de impresoras y su alta calidad de tinta asegura que tus impresiones sean de alta calidad.', 2, 4, 1000,0, 'images/featureds/CartutxMagentaCanon.gif', '2023-03-14 05:26:31', '2023-03-15 05:26:31'),
(15, 'CARTUTX CYAN', '9.94', 'Si necesitas imprimir en un tono azul claro, este cartucho de tinta de color cian puede ser lo que buscas. Es compatible con muchas impresoras y su alta calidad de tinta asegura que tus impresiones sean vibrantes y nítidas.', 2, 4, 1000,0, 'images/featureds/CartutxCyanCanon.gif', '2023-03-15 05:26:31', '2023-03-16 05:26:31'),
(16, 'CARTUTX NEGRA', '12.25', 'Este cartucho de tinta negra es esencial para imprimir documentos y proyectos de alta calidad. Es compatible con una amplia variedad de modelos de impresoras y su alta calidad de tinta asegura que tus impresiones sean nítidas y legibles.', 2, 4, 1000,0, 'images/featureds/CartutxNegraCanon.gif', '2023-03-16 05:26:31', '2023-03-17 05:26:31'),
(17, 'CARTUTX GROC', '9.92', 'Esta es una cartucho de tinta de color amarillo para impresoras. Es compatible con una amplia variedad de modelos de impresoras, y su alta calidad de tinta asegura que tus impresiones sean vibrantes y nítidas.', 2, 5, 1000,0, 'images/featureds/CartutxColorHP.gif', '2023-03-17 05:26:31', '2023-03-18 05:26:31'),
(18, 'CARTUTX MAGENTA', '9.93', 'Este cartucho de tinta de color magenta es perfecto para imprimir fotos, imágenes y gráficos. Es compatible con muchos modelos de impresoras y su alta calidad de tinta asegura que tus impresiones sean de alta calidad.', 2, 5, 1000,0, 'images/featureds/CartutxColorHP.gif', '2023-03-18 05:26:31', '2023-03-19 05:26:31'),
(19, 'CARTUTX CYAN', '9.94', 'Si necesitas imprimir en un tono azul claro, este cartucho de tinta de color cian puede ser lo que buscas. Es compatible con muchas impresoras y su alta calidad de tinta asegura que tus impresiones sean vibrantes y nítidas.', 2, 5, 1000,0, 'images/featureds/CartutxColorHP.gif', '2023-03-19 05:26:31', '2023-03-20 05:26:31'),
(20, 'CARTUTX NEGRA', '12.25', 'Este cartucho de tinta negra es esencial para imprimir documentos y proyectos de alta calidad. Es compatible con una amplia variedad de modelos de impresoras y su alta calidad de tinta asegura que tus impresiones sean nítidas y legibles.', 2, 5, 1000,0, 'images/featureds/CartutxNegraHP.gif', '2023-03-20 05:26:31', '2023-03-21 05:26:31'),
(21, 'CARTUTX GROC', '9.92', 'Esta es una cartucho de tinta de color amarillo para impresoras. Es compatible con una amplia variedad de modelos de impresoras, y su alta calidad de tinta asegura que tus impresiones sean vibrantes y nítidas.', 2, 6, 1000,0, 'images/featureds/CartutxEpson.gif', '2023-03-21 05:26:31', '2023-03-22 05:26:31'),
(22, 'CARTUTX MAGENTA', '9.93', 'Este cartucho de tinta de color magenta es perfecto para imprimir fotos, imágenes y gráficos. Es compatible con muchos modelos de impresoras y su alta calidad de tinta asegura que tus impresiones sean de alta calidad.', 2, 6, 1000,0, 'images/featureds/CartutxEpson.gif', '2023-03-22 05:26:31', '2023-03-23 05:26:31'),
(23, 'CARTUTX CYAN', '9.94', 'Si necesitas imprimir en un tono azul claro, este cartucho de tinta de color cian puede ser lo que buscas. Es compatible con muchas impresoras y su alta calidad de tinta asegura que tus impresiones sean vibrantes y nítidas.', 2, 6, 1000,0, 'images/featureds/CartutxEpson.gif', '2023-03-23 05:26:31', '2023-03-24 05:26:31'),
(24, 'CARTUTX NEGRA', '12.25', 'Este cartucho de tinta negra es esencial para imprimir documentos y proyectos de alta calidad. Es compatible con una amplia variedad de modelos de impresoras y su alta calidad de tinta asegura que tus impresiones sean nítidas y legibles.', 2, 6, 1000,0, 'images/featureds/CartutxEpson.gif', '2023-03-24 05:26:31', '2023-03-25 05:26:31'),
(25, 'AFILALLAPIS MAQUINA', '39.00', 'Este afilalápices de máquina es una herramienta esencial para mantener tus lápices afilados', 3, 7, 1000,0, 'images/featureds/Afiladora.gif', '2023-03-25 05:26:31', '2023-03-26 04:26:31'),
(26, 'BOLIGRAF PILOT GEL BLAU', '1.00', 'Los bolígrafos Pilot Gel son una excelente opción para aquellos que buscan suavidad al escribir y una gran precisión. El modelo en color azul es ideal para cualquier situación de escritura, ya sea en la oficina o en la escuela. El bolígrafo Pilot Gel en color rojo es ideal para tomar notas y resaltar detalles importantes, mientras que el modelo en negro es perfecto para escribir textos largos o para firmar documentos importantes. Si te gusta el color verde, el bolígrafo Pilot Gel en verde es una opción refrescante.', 3, 8, 1000,0, 'images/featureds/BoliPilotBlau.gif', '2023-03-26 04:26:31', '2023-03-27 04:26:31'),
(27, 'BOLIGRAF PILOT GEL VERMELL', '1.00', 'Los bolígrafos Pilot Gel son una excelente opción para aquellos que buscan suavidad al escribir y una gran precisión. El modelo en color azul es ideal para cualquier situación de escritura, ya sea en la oficina o en la escuela. El bolígrafo Pilot Gel en color rojo es ideal para tomar notas y resaltar detalles importantes, mientras que el modelo en negro es perfecto para escribir textos largos o para firmar documentos importantes. Si te gusta el color verde, el bolígrafo Pilot Gel en verde es una opción refrescante.', 3, 8, 1000,0, 'images/featureds/BoliPilotVermell.gif', '2023-03-27 04:26:31', '2023-03-28 04:26:31'),
(28, 'BOLIGRAF PILOT GEL NEGRA', '1.00', 'Los bolígrafos Pilot Gel son una excelente opción para aquellos que buscan suavidad al escribir y una gran precisión. El modelo en color azul es ideal para cualquier situación de escritura, ya sea en la oficina o en la escuela. El bolígrafo Pilot Gel en color rojo es ideal para tomar notas y resaltar detalles importantes, mientras que el modelo en negro es perfecto para escribir textos largos o para firmar documentos importantes. Si te gusta el color verde, el bolígrafo Pilot Gel en verde es una opción refrescante.', 3, 8, 1000,0, 'images/featureds/BoliPilotNegra.gif', '2023-03-28 04:26:31', '2023-03-29 04:26:31'),
(29, 'BOLIGRAF PILOT GEL VERD', '1.00', 'Los bolígrafos Pilot Gel son una excelente opción para aquellos que buscan suavidad al escribir y una gran precisión. El modelo en color azul es ideal para cualquier situación de escritura, ya sea en la oficina o en la escuela. El bolígrafo Pilot Gel en color rojo es ideal para tomar notas y resaltar detalles importantes, mientras que el modelo en negro es perfecto para escribir textos largos o para firmar documentos importantes. Si te gusta el color verde, el bolígrafo Pilot Gel en verde es una opción refrescante.', 3, 8, 1000,0, 'images/featureds/BoliPilotVerde.gif', '2023-03-29 04:26:31', '2023-03-30 04:26:31'),
(30, 'BOLIGRAF MILAN GEL BLAU', '0.80', 'Los bolígrafos Milan Gel también ofrecen una escritura suave y precisa. El modelo en color azul es perfecto para tomar notas y hacer dibujos detallados, mientras que el bolígrafo Milan Gel en rojo es ideal para resaltar detalles importantes y escribir textos cortos. El modelo en negro es excelente para escribir textos largos o para firmar documentos importantes, mientras que el modelo en verde es ideal para aquellos que buscan una opción más fresca.', 3, 9, 1000,0, 'images/featureds/BoliMilanBlau.gif', '2023-03-30 04:26:31', '2023-03-31 04:26:31'),
(31, 'BOLIGRAF MILAN GEL VERMELL', '0.80', 'Los bolígrafos Milan Gel también ofrecen una escritura suave y precisa. El modelo en color azul es perfecto para tomar notas y hacer dibujos detallados, mientras que el bolígrafo Milan Gel en rojo es ideal para resaltar detalles importantes y escribir textos cortos. El modelo en negro es excelente para escribir textos largos o para firmar documentos importantes, mientras que el modelo en verde es ideal para aquellos que buscan una opción más fresca.', 3, 9, 1000,0, 'images/featureds/BoliMilanVermell.gif', '2023-03-31 04:26:31', '2023-04-01 04:26:31'),
(32, 'BOLIGRAF MILAN GEL NEGRA', '0.80', 'Los bolígrafos Milan Gel también ofrecen una escritura suave y precisa. El modelo en color azul es perfecto para tomar notas y hacer dibujos detallados, mientras que el bolígrafo Milan Gel en rojo es ideal para resaltar detalles importantes y escribir textos cortos. El modelo en negro es excelente para escribir textos largos o para firmar documentos importantes, mientras que el modelo en verde es ideal para aquellos que buscan una opción más fresca.', 3, 9, 1000,0, 'images/featureds/BoliMilanNegra.gif', '2023-04-01 04:26:31', '2023-04-02 04:26:31'),
(33, 'BOLIGRAF MILAN GEL VERD', '0.80', 'Los bolígrafos Milan Gel también ofrecen una escritura suave y precisa. El modelo en color azul es perfecto para tomar notas y hacer dibujos detallados, mientras que el bolígrafo Milan Gel en rojo es ideal para resaltar detalles importantes y escribir textos cortos. El modelo en negro es excelente para escribir textos largos o para firmar documentos importantes, mientras que el modelo en verde es ideal para aquellos que buscan una opción más fresca.', 3, 9, 1000,0, 'images/featureds/BoliMilanVerd.gif', '2023-04-02 04:26:31', '2023-04-03 04:26:31'),
(34, 'BOLIGRAF BIC 4 COLORS', '2.00', 'El bolígrafo BIC 4 Colores es una excelente opción para aquellos que necesitan diferentes opciones de color en un solo bolígrafo. Este bolígrafo cuenta con cuatro colores diferentes: azul, negro, rojo y verde. Es ideal para llevar en el bolsillo o en la cartera, y es perfecto para aquellos que necesitan diferentes opciones de color al escribir.', 3, 10, 1000,0, 'images/featureds/Boli4Colors.gif', '2023-04-03 04:26:31', '2023-04-04 04:26:31'),
(35, 'BOLIGRAF BIC GEL BLAU', '0.80', 'El bolígrafo BIC Gel también ofrece una escritura suave y precisa. El modelo en color azul es ideal para tomar notas y hacer dibujos detallados, mientras que el bolígrafo BIC Gel en rojo es excelente para resaltar detalles importantes y escribir textos cortos. El modelo en negro es perfecto para escribir textos largos o para firmar documentos importantes, mientras que el modelo en verde es ideal para aquellos que buscan una opción más fresca.', 3, 10, 1000,0, 'images/featureds/BoliBicBlau.gif', '2023-04-04 04:26:31', '2023-04-05 04:26:31'),
(36, 'BOLIGRAF BIC GEL VERMELL', '0.80', 'El bolígrafo BIC Gel también ofrece una escritura suave y precisa. El modelo en color azul es ideal para tomar notas y hacer dibujos detallados, mientras que el bolígrafo BIC Gel en rojo es excelente para resaltar detalles importantes y escribir textos cortos. El modelo en negro es perfecto para escribir textos largos o para firmar documentos importantes, mientras que el modelo en verde es ideal para aquellos que buscan una opción más fresca.', 3, 10, 1000,0, 'images/featureds/BoliBicVermell.gif', '2023-04-05 04:26:31', '2023-04-06 04:26:31'),
(37, 'BOLIGRAF BIC GEL NEGRA', '0.80', 'El bolígrafo BIC Gel también ofrece una escritura suave y precisa. El modelo en color azul es ideal para tomar notas y hacer dibujos detallados, mientras que el bolígrafo BIC Gel en rojo es excelente para resaltar detalles importantes y escribir textos cortos. El modelo en negro es perfecto para escribir textos largos o para firmar documentos importantes, mientras que el modelo en verde es ideal para aquellos que buscan una opción más fresca.', 3, 10, 1000,0, 'images/featureds/BoliBicNegra.gif', '2023-04-06 04:26:31', '2023-04-07 04:26:31'),
(38, 'BOLIGRAF BIC GEL VERD', '0.80', 'El bolígrafo BIC Gel también ofrece una escritura suave y precisa. El modelo en color azul es ideal para tomar notas y hacer dibujos detallados, mientras que el bolígrafo BIC Gel en rojo es excelente para resaltar detalles importantes y escribir textos cortos. El modelo en negro es perfecto para escribir textos largos o para firmar documentos importantes, mientras que el modelo en verde es ideal para aquellos que buscan una opción más fresca.', 3, 10, 1000,0, 'images/featureds/BoliBicVerde.gif', '2023-04-07 04:26:31', '2023-04-08 04:26:31'),
(39, 'TALADRE PETRUS', '18.00', 'El Taladro Petrus es una herramienta indispensable para hacer agujeros en papel y otros materiales de oficina de forma rápida y precisa. ', 4, 11, 1000,0, 'images/featureds/TaladrePetrus.gif', '2023-04-08 04:26:31', '2023-04-09 04:26:31'),
(40, 'TALADRE PETRUS', '12.00', 'El Taladro Petrus es una herramienta indispensable para hacer agujeros en papel y otros materiales de oficina de forma rápida y precisa. ', 4, 11, 1000,0, 'images/featureds/TaladrePetrus2.gif', '2023-04-09 04:26:31', '2023-04-10 04:26:31'),
(41, 'TALADRE PETRUS', '43.00', 'El Taladro Petrus es una herramienta indispensable para hacer agujeros en papel y otros materiales de oficina de forma rápida y precisa. ', 4, 11, 1000,0, 'images/featureds/TaladrePetrus3.gif', '2023-04-10 04:26:31', '2023-04-11 04:26:31'),
(42, 'TALADRE PETRUS', '4.00', 'El Taladro Petrus es una herramienta indispensable para hacer agujeros en papel y otros materiales de oficina de forma rápida y precisa. ', 4, 11, 1000,0, 'images/featureds/TaladrePetrus4.gif', '2023-04-11 04:26:31', '2023-04-12 04:26:31'),
(43, 'DESGRAPADOR PETRUS', '4.00', ' El Desgrapador Petrus es una herramienta ideal para quitar grapas de forma fácil y segura de cualquier documento', 4, 11, 1000,0, 'images/featureds/Desgrapador.gif', '2023-04-12 04:26:31', '2023-04-13 04:26:31'),
(44, 'COLA PRITT BARRA PETITA', '1.00', 'La Cola Pritt Barra Petita es una solución ideal para pegar de forma limpia y precisa pequeños objetos de papel y cartón.', 4, 12, 1000,0, 'images/featureds/ColaPet.gif', '2023-04-13 04:26:31', '2023-04-14 04:26:31'),
(45, 'COLA PRITT BARRA MITJANA', '1.00', 'La Cola Pritt Barra Mitjana es una solución ideal para pegar de forma limpia y precisa objetos de tamaño mediano de papel y cartón.', 4, 12, 1000,0, 'images/featureds/ColaMitj.gif', '2023-04-14 04:26:31', '2023-04-15 04:26:31'),
(46, 'COLA PRITT BARRA GRAN', '2.00', 'La Cola Pritt Barra Gran es una solución ideal para pegar de forma limpia y precisa objetos de mayor tamaño de papel y cartón. Todos estos productos son de alta calidad y están diseñados para satisfacer las necesidades de cualquier oficina o entorno de trabajo.', 4, 12, 1000,0, 'images/featureds/ColaGran.gif', '2023-04-15 04:26:31', '2023-04-16 04:26:31');
